timestamp,cpu_usage,memory_usage,network_traffic,power_consumption,num_executed_instructions,execution_time,energy_efficiency,disk_usage,bytes_sent_per_s,bytes_recv_per_s,swap_usage_pct
2026-05-27T02:56:05.770212+00:00,7.7,8.4,20145,84.65,692,0.02,0.9167,18.9,12081,8064,0.0
2026-05-27T02:56:15.771473+00:00,7.4,8.5,53005,83.3,2187,0.24,0.8706,18.9,34112,18893,0.0
2026-05-27T02:56:25.772694+00:00,6.5,8.5,0,79.25,649,0.03,0.7647,18.9,0,0,0.0
2026-05-27T02:56:35.774082+00:00,6.6,8.6,0,79.7,605,0.02,0.7674,18.9,0,0,0.0
2026-05-27T02:56:45.775447+00:00,13.2,8.6,20551,109.4,4106,1.77,1.5349,18.9,12293,8258,0.0
2026-05-27T02:56:55.776906+00:00,13.4,9.5,0,110.3,2212,0.39,1.4105,18.9,0,0,0.0
2026-05-27T02:57:05.778247+00:00,4.8,9.4,0,71.6,619,0.03,0.5106,18.9,0,0,0.0
2026-05-27T02:57:15.779572+00:00,6.4,9.5,15789,78.8,1085,0.05,0.6737,18.9,9461,6328,0.0
2026-05-27T02:57:25.780889+00:00,10.8,9.2,0,98.6,720,0.02,1.1739,18.9,0,0,0.0
2026-05-27T02:57:35.782133+00:00,6.5,9.2,0,79.25,604,0.02,0.7065,18.9,0,0,0.0
2026-05-27T02:57:45.783282+00:00,6.7,9.2,15912,80.15,1045,0.04,0.7283,18.9,9584,6328,0.0
2026-05-27T02:57:55.784391+00:00,6.2,9.0,0,77.9,592,0.02,0.6889,18.9,0,0,0.0
2026-05-27T02:58:05.785587+00:00,6.4,9.3,0,78.8,626,0.03,0.6882,18.9,0,0,0.0
2026-05-27T02:58:15.786747+00:00,6.3,9.2,0,78.35,677,0.02,0.6848,18.9,0,0,0.0
2026-05-27T02:58:25.787964+00:00,6.5,9.2,0,79.25,692,0.03,0.7065,18.9,0,0,0.0
2026-05-27T02:58:35.789236+00:00,6.6,9.2,0,79.7,613,0.02,0.7174,18.9,0,0,0.0
2026-05-27T02:58:45.790396+00:00,6.7,9.2,0,80.15,3788,0.94,0.7283,18.9,0,0,0.0
2026-05-27T02:58:55.791774+00:00,2.0,9.1,0,59.0,2033,0.15,0.2198,18.9,0,0,0.0
2026-05-27T02:59:05.792971+00:00,5.8,9.3,0,76.1,616,0.02,0.6237,18.9,0,0,0.0
2026-05-27T02:59:15.794115+00:00,6.5,9.3,0,79.25,625,0.03,0.6989,18.9,0,0,0.0
2026-05-27T02:59:25.795364+00:00,6.5,9.3,0,79.25,703,0.03,0.6989,18.9,0,0,0.0
2026-05-27T02:59:35.796681+00:00,6.5,9.3,0,79.25,802,0.03,0.6989,18.9,0,0,0.0
2026-05-27T02:59:45.797956+00:00,6.5,9.2,0,79.25,709,0.03,0.7065,18.9,0,0,0.0
2026-05-27T02:59:55.799131+00:00,6.5,9.3,0,79.25,592,0.02,0.6989,18.9,0,0,0.0
2026-05-27T03:00:05.800344+00:00,6.5,9.2,0,79.25,600,0.03,0.7065,18.9,0,0,0.0
2026-05-27T03:00:15.801545+00:00,6.2,9.2,0,77.9,541,0.03,0.6739,18.9,0,0,0.0
2026-05-27T03:00:25.802685+00:00,6.5,9.2,0,79.25,662,0.02,0.7065,18.9,0,0,0.0
2026-05-27T03:00:35.804046+00:00,6.2,9.2,0,77.9,1554,0.14,0.6739,18.9,0,0,0.0
2026-05-27T03:00:45.805309+00:00,6.4,9.2,0,78.8,4173,0.98,0.6957,18.9,0,0,0.0
2026-05-27T03:00:55.806476+00:00,1.8,9.2,0,58.1,734,0.04,0.1957,18.9,0,0,0.0
2026-05-27T03:01:05.807635+00:00,6.5,9.2,0,79.25,666,0.02,0.7065,18.9,0,0,0.0
2026-05-27T03:01:15.808924+00:00,6.4,9.2,0,78.8,617,0.01,0.6957,18.9,0,0,0.0
2026-05-27T03:01:25.810122+00:00,6.7,9.2,0,80.15,714,0.03,0.7283,18.9,0,0,0.0
2026-05-27T03:01:35.811317+00:00,6.4,9.2,0,78.8,603,0.03,0.6957,18.9,0,0,0.0
2026-05-27T03:01:45.812649+00:00,6.5,9.2,0,79.25,617,0.02,0.7065,18.9,0,0,0.0
2026-05-27T03:01:55.813889+00:00,6.9,9.3,0,81.05,604,0.03,0.7419,18.9,0,0,0.0
2026-05-27T03:02:05.815162+00:00,6.6,9.1,0,79.7,615,0.03,0.7253,18.9,0,0,0.0
2026-05-27T03:02:15.816416+00:00,6.9,9.2,0,81.05,742,0.02,0.75,18.9,0,0,0.0
2026-05-27T03:02:25.817808+00:00,7.2,9.3,0,82.4,754,0.03,0.7742,18.9,0,0,0.0
2026-05-27T03:02:35.819185+00:00,6.5,9.1,0,79.25,2822,0.5,0.7143,18.9,0,0,0.0
2026-05-27T03:02:45.820691+00:00,4.6,9.1,8875,70.7,2361,0.61,0.5055,18.9,4258,4617,0.0
2026-05-27T03:02:55.822113+00:00,4.1,9.3,8875,68.45,780,0.02,0.4409,18.9,4258,4617,0.0
2026-05-27T03:03:05.823330+00:00,6.6,9.3,8941,79.7,756,0.04,0.7097,18.9,4324,4617,0.0
2026-05-27T03:03:15.824449+00:00,6.6,9.1,8875,79.7,810,0.03,0.7253,18.9,4258,4617,0.0
2026-05-27T03:03:25.825692+00:00,6.9,9.0,8875,81.05,1028,0.04,0.7667,18.9,4258,4617,0.0
2026-05-27T03:03:35.827087+00:00,6.7,9.0,8870,80.15,749,0.05,0.7444,18.9,4256,4614,0.0
2026-05-27T03:03:45.828367+00:00,6.7,9.2,0,80.15,868,0.03,0.7283,18.9,0,0,0.0
2026-05-27T03:03:55.829693+00:00,6.8,9.2,0,80.6,643,0.03,0.7391,18.9,0,0,0.0
2026-05-27T03:04:05.831125+00:00,6.7,9.3,0,80.15,640,0.03,0.7204,18.9,0,0,0.0
2026-05-27T03:04:15.832533+00:00,6.7,9.4,0,80.15,825,0.06,0.7128,18.9,0,0,0.0
2026-05-27T03:04:25.833783+00:00,6.7,9.2,0,80.15,912,0.03,0.7283,18.9,0,0,0.0
2026-05-27T03:04:35.834958+00:00,6.6,9.2,0,79.7,2632,0.81,0.7174,18.9,0,0,0.0
2026-05-27T03:04:45.836320+00:00,2.8,9.2,0,62.6,2274,0.27,0.3043,18.9,0,0,0.0
2026-05-27T03:04:55.837567+00:00,5.5,9.3,0,74.75,635,0.03,0.5914,18.9,0,0,0.0
2026-05-27T03:05:05.838936+00:00,6.6,9.3,0,79.7,624,0.03,0.7097,18.9,0,0,0.0
2026-05-27T03:05:15.840215+00:00,6.6,9.3,0,79.7,600,0.02,0.7097,18.9,0,0,0.0
2026-05-27T03:05:25.841342+00:00,6.9,9.3,0,81.05,740,0.03,0.7419,18.9,0,0,0.0
2026-05-27T03:05:35.842529+00:00,6.5,9.3,0,79.25,646,0.02,0.6989,18.9,0,0,0.0
2026-05-27T03:05:45.843796+00:00,6.5,9.3,0,79.25,632,0.02,0.6989,18.9,0,0,0.0
2026-05-27T03:05:55.845115+00:00,6.4,9.3,0,78.8,740,0.03,0.6882,18.9,0,0,0.0
2026-05-27T03:06:05.846314+00:00,6.5,9.3,0,79.25,629,0.02,0.6989,18.9,0,0,0.0
2026-05-27T03:06:15.847580+00:00,6.5,9.3,0,79.25,624,0.04,0.6989,18.9,0,0,0.0
2026-05-27T03:06:25.848769+00:00,6.6,9.3,0,79.7,1097,0.08,0.7097,18.9,0,0,0.0
2026-05-27T03:06:35.850073+00:00,6.6,9.3,0,79.7,4345,1.01,0.7097,18.9,0,0,0.0
2026-05-27T03:06:45.851418+00:00,1.8,9.3,0,58.1,1151,0.05,0.1935,18.9,0,0,0.0
2026-05-27T03:06:55.852643+00:00,6.4,9.3,0,78.8,641,0.03,0.6882,18.9,0,0,0.0
2026-05-27T03:07:05.853956+00:00,6.6,9.3,0,79.7,655,0.02,0.7097,18.9,0,0,0.0
2026-05-27T03:07:15.855300+00:00,6.7,9.3,0,80.15,713,0.03,0.7204,18.9,0,0,0.0
2026-05-27T03:07:25.856500+00:00,6.6,9.3,0,79.7,735,0.02,0.7097,18.9,0,0,0.0
2026-05-27T03:07:35.857768+00:00,6.3,9.3,0,78.35,648,0.02,0.6774,18.9,0,0,0.0
2026-05-27T03:07:45.859260+00:00,6.4,9.3,0,78.8,675,0.03,0.6882,18.9,0,0,0.0
2026-05-27T03:07:55.860512+00:00,6.4,9.3,0,78.8,607,0.01,0.6882,18.9,0,0,0.0
2026-05-27T03:08:05.861766+00:00,6.2,9.2,0,77.9,610,0.03,0.6739,18.9,0,0,0.0
2026-05-27T03:08:15.863029+00:00,6.3,9.3,0,78.35,639,0.02,0.6774,18.9,0,0,0.0
2026-05-27T03:08:25.864238+00:00,6.7,9.3,0,80.15,2234,0.28,0.7204,18.9,0,0,0.0
2026-05-27T03:08:35.865560+00:00,5.6,9.3,0,75.2,3270,0.82,0.6022,18.9,0,0,0.0
2026-05-27T03:08:45.866770+00:00,2.4,9.3,0,60.8,771,0.03,0.2581,18.9,0,0,0.0
2026-05-27T03:08:55.868081+00:00,6.7,9.3,0,80.15,756,0.03,0.7204,18.9,0,0,0.0
2026-05-27T03:09:05.869276+00:00,6.4,9.1,0,78.8,623,0.03,0.7033,18.9,0,0,0.0
2026-05-27T03:09:15.870520+00:00,6.4,9.3,0,78.8,655,0.03,0.6882,18.9,0,0,0.0
2026-05-27T03:09:25.871736+00:00,6.8,9.3,0,80.6,661,0.02,0.7312,18.9,0,0,0.0
2026-05-27T03:09:35.873021+00:00,6.3,9.3,0,78.35,658,0.02,0.6774,18.9,0,0,0.0
2026-05-27T03:09:45.874183+00:00,6.5,9.2,0,79.25,673,0.03,0.7065,18.9,0,0,0.0
2026-05-27T03:09:55.875318+00:00,6.6,9.2,0,79.7,723,0.03,0.7174,18.9,0,0,0.0
2026-05-27T03:10:05.876510+00:00,6.5,9.2,0,79.25,648,0.03,0.7065,18.9,0,0,0.0
2026-05-27T03:10:15.877785+00:00,6.5,9.1,0,79.25,784,0.02,0.7143,18.9,0,0,0.0
2026-05-27T03:10:25.879138+00:00,6.9,9.3,0,81.05,2804,0.5,0.7419,18.9,0,0,0.0
2026-05-27T03:10:35.880489+00:00,4.7,9.1,0,71.15,2207,0.62,0.5165,18.9,0,0,0.0
2026-05-27T03:10:45.881729+00:00,3.4,9.3,0,65.3,613,0.02,0.3656,18.9,0,0,0.0
2026-05-27T03:10:55.882982+00:00,6.4,9.3,0,78.8,546,0.03,0.6882,18.9,0,0,0.0
2026-05-27T03:11:05.884192+00:00,6.3,9.3,0,78.35,501,0.03,0.6774,18.9,0,0,0.0
2026-05-27T03:11:15.885316+00:00,6.1,9.1,0,77.45,491,0.03,0.6703,18.9,0,0,0.0
2026-05-27T03:11:25.886331+00:00,6.4,9.3,0,78.8,595,0.02,0.6882,18.9,0,0,0.0
2026-05-27T03:11:35.887618+00:00,6.2,9.1,0,77.9,515,0.02,0.6813,18.9,0,0,0.0
2026-05-27T03:11:45.888732+00:00,6.4,9.3,0,78.8,553,0.03,0.6882,18.9,0,0,0.0
2026-05-27T03:11:55.889956+00:00,6.4,9.3,16100,78.8,984,0.04,0.6882,18.9,9772,6328,0.0
2026-05-27T03:12:05.891134+00:00,6.3,9.3,132,78.35,511,0.03,0.6774,18.9,66,66,0.0
2026-05-27T03:12:15.892300+00:00,6.3,9.3,0,78.35,514,0.03,0.6774,18.9,0,0,0.0
2026-05-27T03:12:25.893462+00:00,6.5,9.3,16227,79.25,3051,0.63,0.6989,18.9,9836,6391,0.0
2026-05-27T03:12:35.894728+00:00,4.0,9.3,132,68.0,2118,0.5,0.4301,18.9,66,66,0.0
2026-05-27T03:12:45.896154+00:00,4.0,9.0,0,68.0,509,0.03,0.4444,18.9,0,0,0.0
2026-05-27T03:12:55.897331+00:00,6.3,9.0,16222,78.35,992,0.04,0.7,18.9,9834,6388,0.0
2026-05-27T03:13:05.898491+00:00,6.3,9.2,132,78.35,508,0.02,0.6848,18.9,66,66,0.0
2026-05-27T03:13:15.899596+00:00,6.4,9.2,0,78.8,508,0.03,0.6957,18.9,0,0,0.0
2026-05-27T03:13:25.901176+00:00,6.5,9.3,16100,79.25,1107,0.05,0.6989,18.9,9772,6328,0.0
2026-05-27T03:13:35.902479+00:00,6.2,9.1,132,77.9,490,0.02,0.6813,18.9,66,66,0.0
2026-05-27T03:13:45.903682+00:00,6.3,9.2,0,78.35,545,0.02,0.6848,18.9,0,0,0.0
2026-05-27T03:13:55.904715+00:00,6.5,9.2,16115,79.25,1058,0.04,0.7065,18.9,9793,6322,0.0
2026-05-27T03:14:05.906099+00:00,6.5,9.0,132,79.25,512,0.02,0.7222,18.9,66,66,0.0
2026-05-27T03:14:15.907339+00:00,6.9,9.2,0,81.05,515,0.04,0.75,18.9,0,0,0.0
2026-05-27T03:14:25.908644+00:00,7.1,9.2,16121,81.95,3415,1.0,0.7717,18.9,9796,6325,0.0
2026-05-27T03:14:35.909802+00:00,2.0,9.1,0,59.0,2054,0.12,0.2198,18.9,0,0,0.0
2026-05-27T03:14:45.911148+00:00,5.9,9.2,0,76.55,613,0.01,0.6413,18.9,0,0,0.0
2026-05-27T03:14:55.912416+00:00,6.6,9.2,16126,79.7,992,0.04,0.7174,18.9,9798,6328,0.0
2026-05-27T03:15:05.913748+00:00,6.2,9.2,0,77.9,510,0.03,0.6739,18.9,0,0,0.0
2026-05-27T03:15:15.915063+00:00,6.3,9.2,0,78.35,508,0.02,0.6848,18.9,0,0,0.0
2026-05-27T03:15:25.916347+00:00,6.7,9.2,16254,80.15,1168,0.06,0.7283,18.9,9863,6391,0.0
2026-05-27T03:15:35.917651+00:00,6.3,9.3,0,78.35,525,0.02,0.6774,18.9,0,0,0.0
2026-05-27T03:15:45.918975+00:00,6.3,9.2,0,78.35,534,0.03,0.6848,18.9,0,0,0.0
2026-05-27T03:15:55.920090+00:00,6.3,9.2,16146,78.35,939,0.05,0.6848,18.9,9821,6325,0.0
2026-05-27T03:16:05.921344+00:00,6.2,9.2,0,77.9,500,0.02,0.6739,18.9,0,0,0.0
2026-05-27T03:16:15.923216+00:00,6.4,9.0,0,78.8,1874,0.25,0.7111,18.9,0,0,0.0
2026-05-27T03:16:25.924475+00:00,5.6,9.3,0,75.2,3252,0.86,0.6022,18.9,0,0,0.0
2026-05-27T03:16:35.925784+00:00,2.5,9.3,0,61.25,496,0.02,0.2688,18.9,0,0,0.0
2026-05-27T03:16:45.927054+00:00,6.1,9.2,0,77.45,512,0.02,0.663,18.9,0,0,0.0
2026-05-27T03:16:55.928293+00:00,6.2,9.2,0,77.9,517,0.03,0.6739,18.9,0,0,0.0
2026-05-27T03:17:05.929606+00:00,6.3,9.2,0,78.35,497,0.02,0.6848,18.9,0,0,0.0
2026-05-27T03:17:15.930973+00:00,6.2,9.2,0,77.9,495,0.02,0.6739,18.9,0,0,0.0
2026-05-27T03:17:25.932155+00:00,6.4,9.2,0,78.8,550,0.02,0.6957,18.9,0,0,0.0
2026-05-27T03:17:35.933318+00:00,6.5,9.2,0,79.25,501,0.02,0.7065,18.9,0,0,0.0
2026-05-27T03:17:45.934637+00:00,6.2,9.3,0,77.9,524,0.02,0.6667,18.9,0,0,0.0
2026-05-27T03:17:55.935972+00:00,6.4,9.2,0,78.8,519,0.02,0.6957,18.9,0,0,0.0
2026-05-27T03:18:05.937206+00:00,6.5,9.2,0,79.25,533,0.03,0.7065,18.9,0,0,0.0
2026-05-27T03:18:15.938480+00:00,6.3,9.3,0,78.35,2579,0.47,0.6774,18.9,0,0,0.0
2026-05-27T03:18:25.939712+00:00,4.5,9.3,0,70.25,2459,0.64,0.4839,18.9,0,0,0.0
2026-05-27T03:18:35.941823+00:00,3.4,9.1,0,65.3,523,0.03,0.3736,18.9,0,0,0.0
2026-05-27T03:18:45.943104+00:00,6.2,9.3,0,77.9,513,0.02,0.6667,18.9,0,0,0.0
2026-05-27T03:18:55.944417+00:00,6.2,9.3,0,77.9,511,0.01,0.6667,18.9,0,0,0.0
2026-05-27T03:19:05.945645+00:00,6.5,9.2,0,79.25,514,0.03,0.7065,18.9,0,0,0.0
2026-05-27T03:19:15.947003+00:00,6.3,9.2,0,78.35,516,0.02,0.6848,18.9,0,0,0.0
2026-05-27T03:19:25.948311+00:00,6.4,9.2,0,78.8,673,0.03,0.6957,18.9,0,0,0.0
2026-05-27T03:19:35.949434+00:00,6.4,9.1,0,78.8,479,0.02,0.7033,18.9,0,0,0.0
2026-05-27T03:19:45.950609+00:00,6.2,9.2,0,77.9,549,0.03,0.6739,18.9,0,0,0.0
2026-05-27T03:19:55.951711+00:00,6.5,9.2,0,79.25,535,0.03,0.7065,18.9,0,0,0.0
2026-05-27T03:20:05.953042+00:00,6.5,9.2,0,79.25,523,0.02,0.7065,18.9,0,0,0.0
2026-05-27T03:20:15.954311+00:00,6.5,9.2,0,79.25,2455,0.66,0.7065,18.9,0,0,0.0
2026-05-27T03:20:25.955648+00:00,3.6,9.2,0,66.2,2486,0.45,0.3913,18.9,0,0,0.0
2026-05-27T03:20:35.957050+00:00,4.5,9.3,0,70.25,666,0.02,0.4839,18.9,0,0,0.0
2026-05-27T03:20:45.958327+00:00,6.5,9.2,0,79.25,600,0.02,0.7065,18.9,0,0,0.0
2026-05-27T03:20:55.959556+00:00,6.5,9.2,0,79.25,547,0.03,0.7065,18.9,0,0,0.0
2026-05-27T03:21:05.960774+00:00,6.4,9.1,0,78.8,546,0.02,0.7033,18.9,0,0,0.0
2026-05-27T03:21:15.962012+00:00,6.3,9.2,8870,78.35,659,0.02,0.6848,18.9,4256,4614,0.0
2026-05-27T03:21:25.963275+00:00,6.3,9.2,8870,78.35,842,0.04,0.6848,18.9,4256,4614,0.0
2026-05-27T03:21:35.964400+00:00,6.7,9.1,8870,80.15,822,0.03,0.7363,18.9,4256,4614,0.0
2026-05-27T03:21:45.965450+00:00,6.5,9.2,8875,79.25,681,0.03,0.7065,18.9,4258,4617,0.0
2026-05-27T03:21:55.966588+00:00,6.4,9.1,8870,78.8,640,0.03,0.7033,18.9,4256,4614,0.0
2026-05-27T03:22:05.967882+00:00,6.4,9.2,8870,78.8,573,0.02,0.6957,18.9,4256,4614,0.0
2026-05-27T03:22:15.969199+00:00,6.2,9.3,8870,77.9,2787,0.84,0.6667,18.9,4256,4614,0.0
2026-05-27T03:22:25.971271+00:00,2.6,9.1,8875,61.7,2203,0.26,0.2857,18.9,4324,4551,0.0
2026-05-27T03:22:35.972651+00:00,5.4,9.2,0,74.3,503,0.03,0.587,18.9,0,0,0.0
2026-05-27T03:22:45.974137+00:00,6.4,9.2,0,78.8,510,0.02,0.6957,18.9,0,0,0.0
2026-05-27T03:22:55.975379+00:00,6.3,9.3,0,78.35,523,0.03,0.6774,18.9,0,0,0.0
2026-05-27T03:23:05.976615+00:00,6.1,9.2,0,77.45,517,0.02,0.663,18.9,0,0,0.0
2026-05-27T03:23:15.977890+00:00,6.3,9.1,0,78.35,519,0.03,0.6923,18.9,0,0,0.0
2026-05-27T03:23:25.979178+00:00,6.5,9.0,0,79.25,583,0.04,0.7222,18.9,0,0,0.0
2026-05-27T03:23:35.980361+00:00,6.6,9.2,0,79.7,513,0.02,0.7174,18.9,0,0,0.0
2026-05-27T03:23:45.981545+00:00,6.5,9.0,0,79.25,542,0.03,0.7222,18.9,0,0,0.0
2026-05-27T03:23:55.982754+00:00,6.2,9.3,0,77.9,500,0.02,0.6667,18.9,0,0,0.0
2026-05-27T03:24:05.984057+00:00,6.3,9.3,0,78.35,955,0.09,0.6774,18.9,0,0,0.0
2026-05-27T03:24:15.985188+00:00,6.2,9.2,0,77.9,4075,0.99,0.6739,18.9,0,0,0.0
2026-05-27T03:24:25.986655+00:00,1.7,9.2,0,57.65,1020,0.07,0.1848,18.9,0,0,0.0
2026-05-27T03:24:35.988192+00:00,6.3,9.3,0,78.35,512,0.01,0.6774,18.9,0,0,0.0
2026-05-27T03:24:45.989466+00:00,6.4,9.2,0,78.8,509,0.02,0.6957,18.9,0,0,0.0
2026-05-27T03:24:55.990621+00:00,6.4,9.2,0,78.8,517,0.03,0.6957,18.9,0,0,0.0
2026-05-27T03:25:05.991992+00:00,6.6,9.2,0,79.7,530,0.03,0.7174,18.9,0,0,0.0
2026-05-27T03:25:15.993351+00:00,6.4,9.0,0,78.8,514,0.02,0.7111,18.9,0,0,0.0
2026-05-27T03:25:25.994711+00:00,6.5,9.2,0,79.25,737,0.03,0.7065,18.9,0,0,0.0
2026-05-27T03:25:35.996070+00:00,7.0,9.2,0,81.5,517,0.03,0.7609,18.9,0,0,0.0
2026-05-27T03:25:45.997353+00:00,6.3,9.3,0,78.35,534,0.03,0.6774,18.9,0,0,0.0
2026-05-27T03:25:55.998652+00:00,6.4,9.3,0,78.8,518,0.02,0.6882,18.9,0,0,0.0
2026-05-27T03:26:06.000089+00:00,6.5,9.0,0,79.25,2452,0.4,0.7222,18.9,0,0,0.0
2026-05-27T03:26:16.001437+00:00,4.7,9.2,0,71.15,2569,0.7,0.5109,18.9,0,0,0.0
2026-05-27T03:26:26.002814+00:00,2.8,9.2,0,62.6,664,0.02,0.3043,18.9,0,0,0.0
2026-05-27T03:26:36.004143+00:00,6.4,9.1,0,78.8,517,0.03,0.7033,18.9,0,0,0.0
2026-05-27T03:26:46.005343+00:00,6.0,9.3,0,77.0,632,0.02,0.6452,18.9,0,0,0.0
2026-05-27T03:26:56.006632+00:00,6.3,9.3,0,78.35,514,0.03,0.6774,18.9,0,0,0.0
2026-05-27T03:27:06.007826+00:00,6.3,9.2,0,78.35,508,0.02,0.6848,18.9,0,0,0.0
2026-05-27T03:27:16.009226+00:00,6.3,9.2,0,78.35,509,0.03,0.6848,18.9,0,0,0.0
2026-05-27T03:27:26.010440+00:00,6.2,9.2,0,77.9,735,0.04,0.6739,18.9,0,0,0.0
2026-05-27T03:27:36.011726+00:00,6.4,9.1,0,78.8,499,0.03,0.7033,18.9,0,0,0.0
2026-05-27T03:27:46.013100+00:00,6.0,9.3,0,77.0,530,0.03,0.6452,18.9,0,0,0.0
2026-05-27T03:27:56.014402+00:00,6.1,9.0,0,77.45,519,0.02,0.6778,18.9,0,0,0.0
2026-05-27T03:28:06.015688+00:00,6.3,9.1,0,78.35,2301,0.39,0.6923,18.9,0,0,0.0
2026-05-27T03:28:16.016937+00:00,5.0,9.2,0,72.5,2744,0.73,0.5435,18.9,0,0,0.0
2026-05-27T03:28:26.018204+00:00,2.8,9.2,0,62.6,708,0.04,0.3043,18.9,0,0,0.0
2026-05-27T03:28:36.019334+00:00,6.4,9.1,0,78.8,464,0.01,0.7033,18.9,0,0,0.0
2026-05-27T03:28:46.020556+00:00,6.1,9.2,0,77.45,540,0.02,0.663,18.9,0,0,0.0
2026-05-27T03:28:56.021708+00:00,6.3,9.2,0,78.35,514,0.01,0.6848,18.9,0,0,0.0
2026-05-27T03:29:06.022923+00:00,6.4,9.3,0,78.8,516,0.03,0.6882,18.9,0,0,0.0
2026-05-27T03:29:16.024199+00:00,6.1,9.2,208,77.45,517,0.03,0.663,18.9,104,104,0.0
2026-05-27T03:29:26.025528+00:00,6.4,9.0,0,78.8,770,0.04,0.7111,18.9,0,0,0.0
2026-05-27T03:29:36.026766+00:00,6.2,9.2,84,77.9,630,0.02,0.6739,18.9,42,42,0.0
2026-05-27T03:29:46.028113+00:00,6.0,9.2,340,77.0,672,0.02,0.6522,18.9,170,170,0.0
2026-05-27T03:29:56.029336+00:00,6.1,9.2,0,77.45,488,0.03,0.663,18.9,0,0,0.0
2026-05-27T03:30:06.030595+00:00,6.2,9.3,0,77.9,2443,0.38,0.6667,18.9,0,0,0.0
2026-05-27T03:30:16.031906+00:00,4.8,9.2,340,71.6,2654,0.72,0.5217,18.9,170,170,0.0
2026-05-27T03:30:26.033260+00:00,2.6,9.2,0,61.7,702,0.03,0.2826,18.9,0,0,0.0
2026-05-27T03:30:36.034551+00:00,6.4,9.3,84,78.8,643,0.01,0.6882,18.9,42,42,0.0
2026-05-27T03:30:46.035769+00:00,6.2,9.2,340,77.9,637,0.03,0.6739,18.9,170,170,0.0
2026-05-27T03:30:56.037218+00:00,6.0,9.0,0,77.0,508,0.03,0.6667,18.9,0,0,0.0
2026-05-27T03:31:06.038559+00:00,6.4,9.2,0,78.8,509,0.03,0.6957,18.9,0,0,0.0
2026-05-27T03:31:16.039800+00:00,6.1,9.0,340,77.45,515,0.01,0.6778,18.9,170,170,0.0
2026-05-27T03:31:26.041131+00:00,6.4,9.2,0,78.8,713,0.04,0.6957,18.9,0,0,0.0
2026-05-27T03:31:36.042300+00:00,6.2,9.2,84,77.9,509,0.03,0.6739,18.9,42,42,0.0
2026-05-27T03:31:46.043487+00:00,6.4,9.2,0,78.8,529,0.03,0.6957,18.9,0,0,0.0
2026-05-27T03:31:56.044833+00:00,6.2,9.2,0,77.9,495,0.02,0.6739,18.9,0,0,0.0
2026-05-27T03:32:06.046185+00:00,6.3,9.2,0,78.35,2401,0.47,0.6848,18.9,0,0,0.0
2026-05-27T03:32:16.047536+00:00,4.6,9.3,0,70.7,2188,0.63,0.4946,18.9,0,0,0.0
2026-05-27T03:32:26.048793+00:00,3.4,9.3,208,65.3,719,0.05,0.3656,18.9,104,104,0.0
2026-05-27T03:32:36.050135+00:00,6.2,9.2,0,77.9,634,0.03,0.6739,18.9,0,0,0.0
2026-05-27T03:32:46.051518+00:00,6.4,9.1,0,78.8,487,0.03,0.7033,18.9,0,0,0.0
2026-05-27T03:32:56.052890+00:00,6.2,9.0,0,77.9,528,0.03,0.6889,18.9,0,0,0.0
2026-05-27T03:33:06.054010+00:00,6.2,9.2,0,77.9,517,0.03,0.6739,18.9,0,0,0.0
2026-05-27T03:33:16.055176+00:00,6.3,9.1,0,78.35,465,0.03,0.6923,18.9,0,0,0.0
2026-05-27T03:33:26.056251+00:00,6.3,9.3,0,78.35,743,0.04,0.6774,18.9,0,0,0.0
2026-05-27T03:33:36.057321+00:00,6.4,9.3,0,78.8,631,0.02,0.6882,18.9,0,0,0.0
2026-05-27T03:33:46.058542+00:00,6.5,9.2,0,79.25,523,0.02,0.7065,18.9,0,0,0.0
2026-05-27T03:33:56.059836+00:00,6.1,9.2,0,77.45,520,0.02,0.663,18.9,0,0,0.0
2026-05-27T03:34:06.061046+00:00,6.1,9.3,0,77.45,2425,0.51,0.6559,18.9,0,0,0.0
2026-05-27T03:34:16.062225+00:00,4.1,9.3,0,68.45,2129,0.59,0.4409,18.9,0,0,0.0
2026-05-27T03:34:26.063485+00:00,3.2,9.0,0,64.4,768,0.03,0.3556,18.9,0,0,0.0
2026-05-27T03:34:36.064613+00:00,6.0,9.2,0,77.0,560,0.02,0.6522,18.9,0,0,0.0
2026-05-27T03:34:46.065730+00:00,6.3,9.3,0,78.35,509,0.02,0.6774,18.9,0,0,0.0
2026-05-27T03:34:56.066948+00:00,6.2,9.1,8005,77.9,643,0.04,0.6813,18.9,3741,4264,0.0
2026-05-27T03:35:06.068150+00:00,6.4,9.2,0,78.8,513,0.03,0.6957,18.9,0,0,0.0
2026-05-27T03:35:16.069346+00:00,6.1,9.2,0,77.45,461,0.01,0.663,18.9,0,0,0.0
2026-05-27T03:35:26.070555+00:00,6.2,9.1,0,77.9,828,0.04,0.6813,18.9,0,0,0.0
2026-05-27T03:35:36.071754+00:00,6.2,9.3,0,77.9,663,0.03,0.6667,18.9,0,0,0.0
2026-05-27T03:35:46.073024+00:00,6.3,9.1,0,78.35,533,0.02,0.6923,18.9,0,0,0.0
2026-05-27T03:35:56.074165+00:00,6.1,9.0,0,77.45,546,0.03,0.6778,18.9,0,0,0.0
2026-05-27T03:36:06.075487+00:00,6.2,9.1,0,77.9,2353,0.45,0.6813,18.9,0,0,0.0
2026-05-27T03:36:16.076653+00:00,4.7,9.2,0,71.15,2261,0.65,0.5109,18.9,0,0,0.0
2026-05-27T03:36:26.077768+00:00,3.1,9.2,0,63.95,764,0.04,0.337,18.9,0,0,0.0
2026-05-27T03:36:36.079076+00:00,6.3,9.2,0,78.35,618,0.03,0.6848,18.9,0,0,0.0
2026-05-27T03:36:46.080251+00:00,6.2,9.2,0,77.9,530,0.02,0.6739,18.9,0,0,0.0
2026-05-27T03:36:56.081387+00:00,6.3,9.2,0,78.35,507,0.02,0.6848,18.9,0,0,0.0
2026-05-27T03:37:06.082534+00:00,6.2,9.3,0,77.9,535,0.02,0.6667,18.9,0,0,0.0
2026-05-27T03:37:16.083693+00:00,6.2,9.2,0,77.9,496,0.03,0.6739,18.9,0,0,0.0
2026-05-27T03:37:26.085030+00:00,6.1,9.2,340,77.45,760,0.05,0.663,18.9,170,170,0.0
2026-05-27T03:37:36.086190+00:00,6.1,9.2,0,77.45,524,0.03,0.663,18.9,0,0,0.0
2026-05-27T03:37:46.087502+00:00,6.2,9.0,0,77.9,546,0.03,0.6889,18.9,0,0,0.0
2026-05-27T03:37:56.088702+00:00,6.1,9.0,340,77.45,528,0.02,0.6778,18.9,170,170,0.0
2026-05-27T03:38:06.090084+00:00,6.3,9.2,0,78.35,2505,0.45,0.6848,18.9,0,0,0.0
2026-05-27T03:38:16.091231+00:00,4.6,9.3,0,70.7,2470,0.67,0.4946,18.9,0,0,0.0
2026-05-27T03:38:26.092376+00:00,2.9,9.3,340,63.05,746,0.03,0.3118,18.9,170,170,0.0
2026-05-27T03:38:36.093386+00:00,6.0,9.1,0,77.0,632,0.03,0.6593,18.9,0,0,0.0
2026-05-27T03:38:46.094514+00:00,6.1,9.2,0,77.45,493,0.02,0.663,18.9,0,0,0.0
2026-05-27T03:38:56.095614+00:00,5.9,9.2,340,76.55,639,0.03,0.6413,18.9,170,170,0.0
2026-05-27T03:39:06.096758+00:00,6.2,9.2,0,77.9,513,0.02,0.6739,18.9,0,0,0.0
2026-05-27T03:39:16.098005+00:00,6.2,9.2,0,77.9,503,0.01,0.6739,18.9,0,0,0.0
2026-05-27T03:39:26.099259+00:00,6.3,9.2,340,78.35,755,0.04,0.6848,18.9,170,170,0.0
2026-05-27T03:39:36.100520+00:00,6.3,9.2,0,78.35,691,0.02,0.6848,18.9,0,0,0.0
2026-05-27T03:39:46.101706+00:00,6.2,9.3,84,77.9,541,0.02,0.6667,18.9,42,42,0.0
2026-05-27T03:39:56.102995+00:00,6.0,9.3,340,77.0,553,0.02,0.6452,18.9,170,170,0.0
2026-05-27T03:40:06.104133+00:00,6.0,9.2,0,77.0,2229,0.37,0.6522,18.9,0,0,0.0
2026-05-27T03:40:16.105302+00:00,4.8,9.2,0,71.6,2885,0.71,0.5217,18.9,0,0,0.0
2026-05-27T03:40:26.106561+00:00,2.7,9.2,340,62.15,788,0.03,0.2935,18.9,170,170,0.0
2026-05-27T03:40:36.107686+00:00,6.1,9.2,0,77.45,536,0.03,0.663,18.9,0,0,0.0
2026-05-27T03:40:46.108986+00:00,6.4,9.0,0,78.8,663,0.03,0.7111,18.9,0,0,0.0
2026-05-27T03:40:56.110246+00:00,5.9,9.2,340,76.55,541,0.02,0.6413,18.9,170,170,0.0
2026-05-27T03:41:06.111658+00:00,6.2,9.3,0,77.9,505,0.03,0.6667,18.9,0,0,0.0
2026-05-27T03:41:16.112823+00:00,6.1,9.3,0,77.45,539,0.01,0.6559,18.9,0,0,0.0
2026-05-27T03:41:26.114121+00:00,6.2,9.1,0,77.9,741,0.02,0.6813,18.9,0,0,0.0
2026-05-27T03:41:36.115291+00:00,6.0,9.1,0,77.0,648,0.02,0.6593,18.9,0,0,0.0
2026-05-27T03:41:46.116543+00:00,6.2,9.1,0,77.9,555,0.03,0.6813,18.9,0,0,0.0
2026-05-27T03:41:56.117724+00:00,6.1,9.2,0,77.45,525,0.02,0.663,18.9,0,0,0.0
2026-05-27T03:42:06.118810+00:00,6.1,9.3,0,77.45,1645,0.23,0.6559,18.9,0,0,0.0
2026-05-27T03:42:16.120027+00:00,5.7,9.2,0,75.65,3400,0.88,0.6196,18.9,0,0,0.0
2026-05-27T03:42:26.121238+00:00,1.9,9.2,0,58.55,858,0.04,0.2065,18.9,0,0,0.0
2026-05-27T03:42:36.122563+00:00,6.0,9.2,0,77.0,628,0.02,0.6522,18.9,0,0,0.0
2026-05-27T03:42:46.123974+00:00,6.4,9.3,0,78.8,538,0.03,0.6882,18.9,0,0,0.0
2026-05-27T03:42:56.125313+00:00,6.0,9.3,0,77.0,554,0.03,0.6452,18.9,0,0,0.0
2026-05-27T03:43:06.126483+00:00,6.2,9.1,0,77.9,517,0.02,0.6813,18.9,0,0,0.0
2026-05-27T03:43:16.127666+00:00,6.3,9.2,0,78.35,520,0.03,0.6848,18.9,0,0,0.0
2026-05-27T03:43:26.129017+00:00,6.1,9.2,0,77.45,742,0.02,0.663,18.9,0,0,0.0
2026-05-27T03:43:36.130218+00:00,6.3,9.2,0,78.35,632,0.03,0.6848,18.9,0,0,0.0
2026-05-27T03:43:46.131349+00:00,6.2,9.2,0,77.9,547,0.02,0.6739,18.9,0,0,0.0
2026-05-27T03:43:56.132580+00:00,6.1,9.3,132,77.45,525,0.01,0.6559,18.9,66,66,0.0
2026-05-27T03:44:06.133832+00:00,6.3,9.2,0,78.35,1485,0.18,0.6848,18.9,0,0,0.0
2026-05-27T03:44:16.135095+00:00,5.9,9.3,0,76.55,3738,0.92,0.6344,18.9,0,0,0.0
2026-05-27T03:44:26.136363+00:00,1.6,9.3,132,57.2,736,0.03,0.172,18.9,66,66,0.0
2026-05-27T03:44:36.137485+00:00,6.2,9.2,0,77.9,551,0.02,0.6739,18.9,0,0,0.0
2026-05-27T03:44:46.138720+00:00,6.2,9.2,0,77.9,509,0.01,0.6739,18.9,0,0,0.0
2026-05-27T03:44:56.139928+00:00,6.1,9.3,132,77.45,534,0.02,0.6559,18.9,66,66,0.0
2026-05-27T03:45:06.141189+00:00,6.1,9.2,8010,77.45,623,0.03,0.663,18.9,3809,4201,0.0
2026-05-27T03:45:16.142358+00:00,6.2,9.3,0,77.9,662,0.04,0.6667,18.9,0,0,0.0
2026-05-27T03:45:26.143532+00:00,6.1,9.2,132,77.45,907,0.03,0.663,18.9,66,66,0.0
2026-05-27T03:45:36.144726+00:00,6.2,9.2,0,77.9,528,0.02,0.6739,18.9,0,0,0.0
2026-05-27T03:45:46.145927+00:00,6.0,9.3,0,77.0,556,0.02,0.6452,18.9,0,0,0.0
2026-05-27T03:45:56.147091+00:00,6.0,9.2,132,77.0,561,0.02,0.6522,18.9,66,66,0.0
2026-05-27T03:46:06.148298+00:00,6.1,9.3,0,77.45,775,0.06,0.6559,18.9,0,0,0.0
2026-05-27T03:46:16.149374+00:00,6.3,9.3,16503,78.35,4305,1.0,0.6774,18.9,10244,6259,0.0
2026-05-27T03:46:26.150665+00:00,1.8,9.3,0,58.1,1886,0.11,0.1935,18.9,0,0,0.0
2026-05-27T03:46:36.151882+00:00,5.7,9.3,0,75.65,715,0.03,0.6129,18.9,0,0,0.0
2026-05-27T03:46:46.153128+00:00,6.2,9.3,16635,77.9,1093,0.05,0.6667,18.9,10244,6391,0.0
2026-05-27T03:46:56.154355+00:00,6.0,9.3,0,77.0,562,0.02,0.6452,18.9,0,0,0.0
2026-05-27T03:47:06.155562+00:00,6.2,9.1,0,77.9,518,0.03,0.6813,18.9,0,0,0.0
2026-05-27T03:47:16.156823+00:00,6.4,9.3,16635,78.8,1090,0.05,0.6882,18.9,10244,6391,0.0
2026-05-27T03:47:26.158112+00:00,6.1,9.2,0,77.45,772,0.04,0.663,18.9,0,0,0.0
2026-05-27T03:47:36.159192+00:00,6.2,9.0,0,77.9,521,0.02,0.6889,18.9,0,0,0.0
2026-05-27T03:47:46.160507+00:00,6.2,9.3,16640,77.9,1163,0.06,0.6667,18.9,10246,6394,0.0
2026-05-27T03:47:56.161746+00:00,6.1,9.1,0,77.45,524,0.03,0.6703,18.9,0,0,0.0
2026-05-27T03:48:06.162933+00:00,6.1,9.2,0,77.45,521,0.03,0.663,18.9,0,0,0.0
2026-05-27T03:48:16.164292+00:00,6.3,9.3,16530,78.35,4452,1.0,0.6774,18.9,10268,6262,0.0
2026-05-27T03:48:26.165520+00:00,1.9,9.3,0,58.55,2308,0.15,0.2043,18.9,0,0,0.0
2026-05-27T03:48:36.166778+00:00,5.7,9.3,0,75.65,703,0.02,0.6129,18.9,0,0,0.0
2026-05-27T03:48:46.168182+00:00,6.4,9.3,16525,78.8,985,0.05,0.6882,18.9,10200,6325,0.0
2026-05-27T03:48:56.169479+00:00,6.2,9.2,0,77.9,513,0.03,0.6739,18.9,0,0,0.0
2026-05-27T03:49:06.170767+00:00,6.3,9.3,0,78.35,541,0.02,0.6774,18.9,0,0,0.0
2026-05-27T03:49:16.172111+00:00,6.3,9.3,16530,78.35,1019,0.05,0.6774,18.9,10202,6328,0.0
2026-05-27T03:49:26.173378+00:00,6.3,9.2,0,78.35,738,0.04,0.6848,18.9,0,0,0.0
2026-05-27T03:49:36.174510+00:00,6.4,9.3,0,78.8,549,0.01,0.6882,18.9,0,0,0.0
2026-05-27T03:49:46.175627+00:00,6.3,9.3,16552,78.35,983,0.04,0.6774,18.9,10290,6262,0.0
2026-05-27T03:49:56.176772+00:00,6.2,9.2,0,77.9,529,0.02,0.6739,18.9,0,0,0.0
2026-05-27T03:50:06.178096+00:00,6.2,9.2,0,77.9,828,0.06,0.6739,18.9,0,0,0.0
2026-05-27T03:50:16.179292+00:00,6.3,9.0,0,78.35,4240,1.01,0.7,18.9,0,0,0.0
2026-05-27T03:50:26.180558+00:00,1.7,9.1,0,57.65,1330,0.06,0.1868,18.9,0,0,0.0
2026-05-27T03:50:36.181775+00:00,6.1,9.3,0,77.45,513,0.03,0.6559,18.9,0,0,0.0
2026-05-27T03:50:46.183038+00:00,6.3,9.3,0,78.35,666,0.02,0.6774,18.9,0,0,0.0
2026-05-27T03:50:56.184184+00:00,6.4,9.3,0,78.8,547,0.03,0.6882,18.9,0,0,0.0
2026-05-27T03:51:06.185497+00:00,6.2,9.3,0,77.9,493,0.02,0.6667,18.9,0,0,0.0
2026-05-27T03:51:16.186947+00:00,6.2,9.3,0,77.9,526,0.02,0.6667,18.9,0,0,0.0
2026-05-27T03:51:26.188157+00:00,6.3,9.3,0,78.35,759,0.03,0.6774,18.9,0,0,0.0
2026-05-27T03:51:36.189345+00:00,6.3,9.2,0,78.35,524,0.03,0.6848,18.9,0,0,0.0
2026-05-27T03:51:46.190558+00:00,6.4,9.3,0,78.8,567,0.03,0.6882,18.9,0,0,0.0
2026-05-27T03:51:56.191777+00:00,6.4,9.2,0,78.8,547,0.02,0.6957,18.9,0,0,0.0
2026-05-27T03:52:06.192995+00:00,6.1,9.3,0,77.45,1478,0.2,0.6559,18.9,0,0,0.0
2026-05-27T03:52:16.194360+00:00,5.9,9.1,0,76.55,3712,0.93,0.6484,18.9,0,0,0.0
2026-05-27T03:52:26.195680+00:00,1.7,9.1,0,57.65,758,0.03,0.1868,18.9,0,0,0.0
2026-05-27T03:52:36.196964+00:00,6.2,9.2,0,77.9,555,0.03,0.6739,18.9,0,0,0.0
2026-05-27T03:52:46.198259+00:00,6.1,9.3,0,77.45,525,0.02,0.6559,18.9,0,0,0.0
2026-05-27T03:52:56.199544+00:00,6.3,9.2,0,78.35,573,0.02,0.6848,18.9,0,0,0.0
2026-05-27T03:53:06.200728+00:00,6.2,9.3,0,77.9,554,0.03,0.6667,18.9,0,0,0.0
2026-05-27T03:53:16.202001+00:00,6.0,9.1,0,77.0,530,0.04,0.6593,18.9,0,0,0.0
2026-05-27T03:53:26.203245+00:00,6.5,9.3,0,79.25,758,0.03,0.6989,18.9,0,0,0.0
2026-05-27T03:53:36.204456+00:00,6.3,9.2,0,78.35,524,0.02,0.6848,18.9,0,0,0.0
2026-05-27T03:53:46.205723+00:00,6.2,9.2,0,77.9,566,0.03,0.6739,18.9,0,0,0.0
2026-05-27T03:53:56.207110+00:00,6.4,9.1,0,78.8,523,0.02,0.7033,18.9,0,0,0.0
2026-05-27T03:54:06.208214+00:00,6.3,9.3,0,78.35,1822,0.23,0.6774,18.9,0,0,0.0
2026-05-27T03:54:16.209388+00:00,5.7,9.2,0,75.65,3473,0.88,0.6196,18.9,0,0,0.0
2026-05-27T03:54:26.210732+00:00,2.0,9.3,0,59.0,755,0.03,0.2151,18.9,0,0,0.0
2026-05-27T03:54:36.212026+00:00,6.3,9.2,0,78.35,610,0.03,0.6848,18.9,0,0,0.0
2026-05-27T03:54:46.213264+00:00,6.3,9.2,0,78.35,560,0.02,0.6848,18.9,0,0,0.0
2026-05-27T03:54:56.214616+00:00,6.5,9.3,0,79.25,547,0.02,0.6989,18.9,0,0,0.0
2026-05-27T03:55:06.215922+00:00,6.5,9.3,0,79.25,523,0.02,0.6989,18.9,0,0,0.0
2026-05-27T03:55:16.217239+00:00,6.5,9.3,0,79.25,527,0.03,0.6989,18.9,0,0,0.0
2026-05-27T03:55:26.218527+00:00,6.4,9.1,0,78.8,772,0.02,0.7033,18.9,0,0,0.0
2026-05-27T03:55:36.219823+00:00,6.6,9.2,0,79.7,522,0.02,0.7174,18.9,0,0,0.0
2026-05-27T03:55:46.221189+00:00,6.3,9.2,0,78.35,542,0.03,0.6848,18.9,0,0,0.0
2026-05-27T03:55:56.222363+00:00,6.5,9.3,0,79.25,507,0.03,0.6989,18.9,0,0,0.0
2026-05-27T14:55:48.653113+00:00,8.6,9.2,21744,88.7,2264,0.32,0.9348,18.9,12882,8862,0.0
2026-05-27T14:55:58.655338+00:00,5.7,9.2,0,75.65,2765,0.8,0.6196,18.9,0,0,0.0
2026-05-27T14:56:08.657578+00:00,3.4,9.2,0,65.3,644,0.04,0.3696,18.9,0,0,0.0
2026-05-27T14:56:18.659605+00:00,7.3,9.1,132,82.85,566,0.03,0.8022,18.9,66,66,0.0
2026-05-27T14:56:28.661165+00:00,7.2,9.2,0,82.4,547,0.02,0.7826,18.9,0,0,0.0
2026-05-27T14:56:38.663030+00:00,7.4,9.2,0,83.3,525,0.02,0.8043,18.9,0,0,0.0
2026-05-27T14:56:48.664555+00:00,7.7,9.3,132,84.65,584,0.04,0.828,18.9,66,66,0.0
2026-05-27T14:56:58.665911+00:00,7.7,9.2,0,84.65,544,0.03,0.837,18.9,0,0,0.0
2026-05-27T14:57:08.667396+00:00,7.9,9.2,0,85.55,532,0.01,0.8587,18.9,0,0,0.0
2026-05-27T14:57:18.669170+00:00,7.4,9.3,132,83.3,268,0.03,0.7957,18.9,66,66,0.0
2026-05-27T14:57:28.670829+00:00,7.5,9.3,0,83.75,260,0.04,0.8065,18.9,0,0,0.0
2026-05-27T14:57:38.672575+00:00,7.9,9.2,0,85.55,2386,0.71,0.8587,18.9,0,0,0.0
2026-05-27T14:57:48.674151+00:00,3.8,9.3,132,67.1,1972,0.42,0.4086,18.9,66,66,0.0
2026-05-27T14:57:58.675672+00:00,5.0,9.3,208,72.5,329,0.02,0.5376,18.9,104,104,0.0
2026-05-27T14:58:08.677905+00:00,7.2,9.3,0,82.4,675,0.04,0.7742,18.9,0,0,0.0
2026-05-27T14:58:18.679680+00:00,7.5,9.1,132,83.75,459,0.03,0.8242,18.9,66,66,0.0
2026-05-27T14:58:28.681085+00:00,7.7,9.3,416,84.65,671,0.03,0.828,18.9,208,208,0.0
2026-05-27T14:58:38.682781+00:00,7.5,9.3,8885,83.75,868,0.05,0.8065,18.9,4262,4623,0.0
2026-05-27T14:58:48.684771+00:00,8.0,9.3,8885,86.0,888,0.06,0.8602,18.9,4262,4623,0.0
2026-05-27T14:58:58.686512+00:00,7.5,9.3,9093,83.75,839,0.05,0.8065,18.9,4366,4727,0.0
2026-05-27T14:59:08.688231+00:00,7.9,9.3,8885,85.55,882,0.04,0.8495,18.9,4262,4623,0.0
2026-05-27T14:59:18.690015+00:00,8.1,9.3,8885,86.45,622,0.06,0.871,18.9,4262,4623,0.0
2026-05-27T14:59:28.691803+00:00,7.2,9.1,9306,82.4,3924,1.08,0.7912,18.9,4538,4768,0.0
2026-05-27T14:59:38.693494+00:00,2.8,9.1,8885,62.6,707,0.05,0.3077,18.9,4262,4623,0.0
2026-05-27T14:59:48.694938+00:00,7.2,9.3,0,82.4,570,0.03,0.7742,18.9,0,0,0.0
2026-05-27T14:59:58.696448+00:00,6.9,9.3,208,81.05,378,0.03,0.7419,18.9,104,104,0.0
2026-05-27T15:00:08.698079+00:00,7.8,9.3,0,85.1,626,0.04,0.8387,18.9,0,0,0.0
2026-05-27T15:00:18.699977+00:00,7.4,9.2,0,83.3,386,0.03,0.8043,18.9,0,0,0.0
2026-05-27T15:00:28.701522+00:00,7.4,9.3,416,83.3,422,0.04,0.7957,18.9,208,208,0.0
2026-05-27T15:00:38.703164+00:00,7.8,9.3,0,85.1,580,0.04,0.8387,18.9,0,0,0.0
2026-05-27T15:00:48.704771+00:00,7.1,9.2,0,81.95,538,0.02,0.7717,18.9,0,0,0.0
2026-05-27T15:00:58.706462+00:00,8.2,9.3,208,86.9,533,0.02,0.8817,18.9,104,104,0.0
2026-05-27T15:01:08.707855+00:00,7.9,9.1,0,85.55,2450,0.52,0.8681,18.9,0,0,0.0
2026-05-27T15:01:18.709617+00:00,4.9,9.3,0,72.05,2092,0.62,0.5269,18.9,0,0,0.0
2026-05-27T15:01:28.711451+00:00,4.3,9.1,0,69.35,536,0.03,0.4725,18.9,0,0,0.0
2026-05-27T15:01:38.713068+00:00,7.2,9.3,0,82.4,301,0.03,0.7742,18.9,0,0,0.0
2026-05-27T15:01:48.714792+00:00,7.3,9.2,0,82.85,515,0.03,0.7935,18.9,0,0,0.0
2026-05-27T15:01:58.716249+00:00,6.8,9.3,0,80.6,367,0.03,0.7312,18.9,0,0,0.0
2026-05-27T15:02:08.718280+00:00,7.5,9.2,0,83.75,373,0.04,0.8152,18.9,0,0,0.0
2026-05-27T15:02:18.720063+00:00,7.5,9.1,0,83.75,551,0.03,0.8242,18.9,0,0,0.0
2026-05-27T15:02:28.721818+00:00,7.1,9.3,0,81.95,347,0.02,0.7634,18.9,0,0,0.0
2026-05-27T15:02:38.723204+00:00,7.6,9.1,0,84.2,294,0.04,0.8352,18.9,0,0,0.0
2026-05-27T15:02:48.724840+00:00,7.3,9.3,0,82.85,490,0.03,0.7849,18.9,0,0,0.0
2026-05-27T15:02:58.726248+00:00,6.9,9.3,208,81.05,2375,0.65,0.7419,18.9,104,104,0.0
2026-05-27T15:03:08.728062+00:00,4.1,9.2,2373,68.45,1888,0.46,0.4457,18.9,1004,1369,0.0
2026-05-27T15:03:18.729782+00:00,4.7,9.2,0,71.15,271,0.03,0.5109,18.9,0,0,0.0
2026-05-27T15:03:28.731161+00:00,7.2,9.3,208,82.4,533,0.03,0.7742,18.9,104,104,0.0
2026-05-27T15:03:38.732665+00:00,7.0,9.3,0,81.5,265,0.03,0.7527,18.9,0,0,0.0
2026-05-27T15:03:48.734072+00:00,6.8,9.3,0,80.6,458,0.03,0.7312,18.9,0,0,0.0
2026-05-27T15:03:58.735709+00:00,7.1,9.2,208,81.95,540,0.05,0.7717,18.9,104,104,0.0
2026-05-27T15:04:08.737383+00:00,7.3,9.3,0,82.85,354,0.02,0.7849,18.9,0,0,0.0
2026-05-27T15:04:18.738881+00:00,7.8,9.3,0,85.1,687,0.04,0.8387,18.9,0,0,0.0
2026-05-27T15:04:28.740144+00:00,7.3,9.2,0,82.85,516,0.03,0.7935,18.9,0,0,0.0
2026-05-27T15:04:38.741579+00:00,7.2,9.3,0,82.4,274,0.03,0.7742,18.9,0,0,0.0
2026-05-27T15:04:48.743418+00:00,7.2,9.3,0,82.4,2514,0.79,0.7742,18.9,0,0,0.0
2026-05-27T15:04:58.745057+00:00,3.2,9.3,208,64.4,2221,0.32,0.3441,18.9,104,104,0.0
2026-05-27T15:05:08.746603+00:00,5.9,9.0,0,76.55,564,0.03,0.6556,18.9,0,0,0.0
2026-05-27T15:05:18.748523+00:00,7.1,9.3,8091,81.95,731,0.06,0.7634,18.9,3815,4276,0.0
2026-05-27T15:05:28.750192+00:00,7.2,9.3,0,82.4,522,0.04,0.7742,18.9,0,0,0.0
2026-05-27T15:05:38.751998+00:00,7.4,9.3,0,83.3,566,0.03,0.7957,18.9,0,0,0.0
2026-05-27T15:05:48.753905+00:00,7.6,9.1,0,84.2,481,0.03,0.8352,18.9,0,0,0.0
2026-05-27T15:05:58.755412+00:00,7.0,9.3,208,81.5,482,0.02,0.7527,18.9,104,104,0.0
2026-05-27T15:06:08.757053+00:00,7.0,9.3,0,81.5,865,0.05,0.7527,18.9,0,0,0.0
2026-05-27T15:06:18.758354+00:00,7.1,9.3,0,81.95,498,0.04,0.7634,18.9,0,0,0.0
2026-05-27T15:06:28.759753+00:00,7.2,9.3,208,82.4,551,0.02,0.7742,18.9,104,104,0.0
2026-05-27T15:06:38.761163+00:00,7.1,9.3,0,81.95,3156,0.91,0.7634,18.9,0,0,0.0
2026-05-27T15:06:48.762685+00:00,2.4,9.3,0,60.8,1822,0.17,0.2581,18.9,0,0,0.0
2026-05-27T15:06:58.764487+00:00,6.2,9.1,0,77.9,515,0.04,0.6813,18.9,0,0,0.0
2026-05-27T15:07:08.765861+00:00,7.1,9.2,18471,81.95,1337,0.06,0.7717,18.9,10747,7724,0.0
2026-05-27T15:07:18.767421+00:00,7.1,9.3,0,81.95,478,0.03,0.7634,18.9,0,0,0.0
2026-05-27T15:07:28.769061+00:00,6.8,9.3,0,80.6,453,0.02,0.7312,18.9,0,0,0.0
2026-05-27T15:07:38.770748+00:00,7.2,9.3,16098,82.4,1257,0.05,0.7742,18.9,9743,6355,0.0
2026-05-27T15:07:48.772366+00:00,7.4,9.2,0,83.3,520,0.03,0.8043,18.9,0,0,0.0
2026-05-27T15:07:58.773847+00:00,6.7,9.3,0,80.15,540,0.03,0.7204,18.9,0,0,0.0
2026-05-27T15:08:08.775809+00:00,7.3,9.3,16122,82.85,1378,0.06,0.7849,18.9,9767,6355,0.0
2026-05-27T15:08:18.777591+00:00,7.2,9.2,0,82.4,539,0.03,0.7826,18.9,0,0,0.0
2026-05-27T15:08:28.779040+00:00,7.3,9.3,208,82.85,2476,0.9,0.7849,18.9,104,104,0.0
2026-05-27T15:08:38.781049+00:00,2.8,9.3,16122,62.6,2898,0.27,0.3011,18.9,9767,6355,0.0
2026-05-27T15:08:48.782673+00:00,6.2,9.1,0,77.9,420,0.04,0.6813,18.9,0,0,0.0
2026-05-27T15:08:58.784245+00:00,7.0,9.3,208,81.5,538,0.03,0.7527,18.9,104,104,0.0
2026-05-27T15:09:08.786150+00:00,7.4,9.3,18627,83.3,1343,0.08,0.7957,18.9,10903,7724,0.0
2026-05-27T15:09:18.787849+00:00,7.1,9.3,0,81.95,459,0.04,0.7634,18.9,0,0,0.0
2026-05-27T15:09:28.789438+00:00,7.1,9.3,0,81.95,529,0.03,0.7634,18.9,0,0,0.0
2026-05-27T15:09:38.791046+00:00,7.6,9.3,16335,84.2,954,0.04,0.8172,18.9,9939,6396,0.0
2026-05-27T15:09:48.793049+00:00,7.5,9.1,0,83.75,502,0.04,0.8242,18.9,0,0,0.0
2026-05-27T15:09:58.795175+00:00,7.1,9.3,208,81.95,425,0.03,0.7634,18.9,104,104,0.0
2026-05-27T15:10:08.797100+00:00,7.4,9.3,16147,83.3,1063,0.05,0.7957,18.9,9858,6289,0.0
2026-05-27T15:10:18.800341+00:00,6.5,9.3,0,79.25,3930,1.0,0.6989,18.9,0,0,0.0
2026-05-27T15:10:28.801934+00:00,2.3,9.1,0,60.35,1795,0.13,0.2527,18.9,0,0,0.0
2026-05-27T15:10:38.803574+00:00,6.7,9.3,16152,80.15,938,0.06,0.7204,18.9,9860,6292,0.0
2026-05-27T15:10:48.805068+00:00,7.2,9.4,0,82.4,532,0.03,0.766,18.9,0,0,0.0
2026-05-27T15:10:58.806760+00:00,6.5,9.3,0,79.25,491,0.04,0.6989,18.9,0,0,0.0
2026-05-27T15:11:08.808220+00:00,7.4,9.3,18515,83.3,926,0.05,0.7957,18.9,10794,7721,0.0
2026-05-27T15:11:18.809696+00:00,6.9,9.3,0,81.05,551,0.02,0.7419,18.9,0,0,0.0
2026-05-27T15:11:28.811323+00:00,7.2,9.4,208,82.4,520,0.04,0.766,18.9,104,104,0.0
2026-05-27T15:11:38.812628+00:00,6.9,9.3,16411,81.05,859,0.04,0.7419,18.9,9924,6487,0.0
2026-05-27T15:11:48.814232+00:00,7.6,9.3,8885,84.2,636,0.04,0.8172,18.9,4262,4623,0.0
2026-05-27T15:11:58.815874+00:00,7.1,9.1,0,81.95,510,0.04,0.7802,18.9,0,0,0.0
2026-05-27T15:12:08.817442+00:00,7.3,9.3,2373,82.85,3708,1.06,0.7849,18.9,1004,1369,0.0
2026-05-27T15:12:18.819796+00:00,2.1,9.3,0,59.45,1089,0.07,0.2258,18.9,0,0,0.0
2026-05-27T15:12:28.821435+00:00,7.4,9.1,0,83.3,474,0.03,0.8132,18.9,0,0,0.0
2026-05-27T15:12:38.823015+00:00,7.3,9.1,0,82.85,529,0.03,0.8022,18.9,0,0,0.0
2026-05-27T15:12:48.824593+00:00,7.7,9.1,0,84.65,551,0.02,0.8462,18.9,0,0,0.0
2026-05-27T15:12:58.826578+00:00,7.2,9.3,0,82.4,507,0.03,0.7742,18.9,0,0,0.0
2026-05-27T15:13:08.828243+00:00,7.4,9.3,2373,83.3,450,0.04,0.7957,18.9,1004,1369,0.0
2026-05-27T15:13:18.829971+00:00,7.5,9.3,0,83.75,399,0.03,0.8065,18.9,0,0,0.0
2026-05-27T15:13:28.831821+00:00,7.6,9.3,0,84.2,541,0.03,0.8172,18.9,0,0,0.0
2026-05-27T15:13:38.833597+00:00,8.0,9.1,0,86.0,496,0.02,0.8791,18.9,0,0,0.0
2026-05-27T15:13:48.835077+00:00,7.4,9.3,0,83.3,2254,0.42,0.7957,18.9,0,0,0.0
2026-05-27T15:13:58.836491+00:00,5.2,9.2,208,73.4,2352,0.7,0.5652,18.9,104,104,0.0
2026-05-27T15:14:08.838609+00:00,3.9,9.1,0,67.55,651,0.04,0.4286,18.9,0,0,0.0
2026-05-27T15:14:18.840027+00:00,7.1,9.1,0,81.95,484,0.03,0.7802,18.9,0,0,0.0
2026-05-27T15:14:28.841431+00:00,7.4,9.3,0,83.3,533,0.03,0.7957,18.9,0,0,0.0
2026-05-27T15:14:38.842868+00:00,7.5,9.2,0,83.75,511,0.03,0.8152,18.9,0,0,0.0
2026-05-27T15:14:48.844659+00:00,7.3,9.3,0,82.85,552,0.03,0.7849,18.9,0,0,0.0
2026-05-27T15:14:58.846179+00:00,7.6,9.1,208,84.2,511,0.04,0.8352,18.9,104,104,0.0
2026-05-27T15:15:08.848012+00:00,7.4,9.1,2373,83.3,595,0.04,0.8132,18.9,1004,1369,0.0
2026-05-27T15:15:18.849651+00:00,7.5,9.3,0,83.75,533,0.03,0.8065,18.9,0,0,0.0
2026-05-27T15:15:28.851275+00:00,7.9,9.3,0,85.55,527,0.04,0.8495,18.9,0,0,0.0
2026-05-27T15:15:38.852775+00:00,7.0,9.3,0,81.5,2472,0.7,0.7527,18.9,0,0,0.0
2026-05-27T15:15:48.854683+00:00,4.0,9.3,0,68.0,2282,0.42,0.4301,18.9,0,0,0.0
2026-05-27T15:15:58.856474+00:00,5.8,9.3,0,76.1,541,0.03,0.6237,18.9,0,0,0.0
2026-05-27T15:16:08.857995+00:00,7.6,9.3,0,84.2,665,0.05,0.8172,18.9,0,0,0.0
2026-05-27T15:16:18.859651+00:00,7.3,9.3,0,82.85,558,0.03,0.7849,18.9,0,0,0.0
2026-05-27T15:16:28.861282+00:00,7.3,9.0,208,82.85,549,0.03,0.8111,18.9,104,104,0.0
2026-05-27T15:16:38.863281+00:00,7.1,9.2,0,81.95,529,0.04,0.7717,18.9,0,0,0.0
2026-05-27T15:16:48.865007+00:00,7.5,9.3,0,83.75,531,0.03,0.8065,18.9,0,0,0.0
2026-05-27T15:16:58.866557+00:00,7.2,9.3,0,82.4,524,0.03,0.7742,18.9,0,0,0.0
2026-05-27T15:17:08.868083+00:00,7.1,9.3,2373,81.95,549,0.03,0.7634,18.9,1004,1369,0.0
2026-05-27T15:17:18.869457+00:00,6.9,9.3,0,81.05,450,0.03,0.7419,18.9,0,0,0.0
2026-05-27T15:17:28.870834+00:00,7.0,9.3,0,81.5,2680,0.88,0.7527,18.9,0,0,0.0
2026-05-27T15:17:38.872492+00:00,2.8,9.2,0,62.6,2018,0.23,0.3043,18.9,0,0,0.0
2026-05-27T15:17:48.874119+00:00,6.8,9.3,0,80.6,541,0.02,0.7312,18.9,0,0,0.0
2026-05-27T15:17:58.875732+00:00,7.2,9.3,0,82.4,413,0.02,0.7742,18.9,0,0,0.0
2026-05-27T15:18:08.877133+00:00,7.7,9.3,2373,84.65,575,0.04,0.828,18.9,1004,1369,0.0
2026-05-27T15:18:18.878891+00:00,7.4,9.3,0,83.3,472,0.03,0.7957,18.9,0,0,0.0
2026-05-27T15:18:28.880710+00:00,7.5,9.3,0,83.75,530,0.03,0.8065,18.9,0,0,0.0
2026-05-27T15:18:38.882475+00:00,7.6,9.1,0,84.2,491,0.04,0.8352,18.9,0,0,0.0
2026-05-27T15:18:48.884158+00:00,8.0,9.1,0,86.0,550,0.04,0.8791,18.9,0,0,0.0
2026-05-27T15:18:58.885643+00:00,6.7,9.3,208,80.15,531,0.03,0.7204,18.9,104,104,0.0
2026-05-27T15:19:08.887266+00:00,7.0,9.3,2373,81.5,1793,0.25,0.7527,18.9,1004,1369,0.0
2026-05-27T15:19:18.888744+00:00,6.1,9.3,0,77.45,3066,0.86,0.6559,18.9,0,0,0.0
2026-05-27T15:19:28.890660+00:00,3.1,9.1,0,63.95,560,0.04,0.3407,18.9,0,0,0.0
2026-05-27T15:19:38.892537+00:00,7.6,9.3,0,84.2,280,0.02,0.8172,18.9,0,0,0.0
2026-05-27T15:19:48.894463+00:00,7.9,9.3,0,85.55,274,0.03,0.8495,18.9,0,0,0.0
2026-05-27T15:19:58.896281+00:00,7.0,9.1,208,81.5,269,0.02,0.7692,18.9,104,104,0.0
2026-05-27T15:20:08.898036+00:00,7.5,9.1,2373,83.75,431,0.03,0.8242,18.9,1004,1369,0.0
2026-05-27T15:20:18.899828+00:00,7.6,9.4,132,84.2,269,0.03,0.8085,18.9,66,66,0.0
2026-05-27T15:20:28.901726+00:00,7.4,9.3,0,83.3,741,0.04,0.7957,18.9,0,0,0.0
2026-05-27T15:20:38.903451+00:00,7.5,9.1,0,83.75,698,0.04,0.8242,18.9,0,0,0.0
2026-05-27T15:20:48.905282+00:00,7.1,9.3,132,81.95,717,0.02,0.7634,18.9,66,66,0.0
2026-05-27T15:20:58.906809+00:00,7.4,9.3,8885,83.3,2978,0.59,0.7957,18.9,4262,4623,0.0
2026-05-27T15:21:08.908201+00:00,4.5,9.2,11258,70.25,2423,0.57,0.4891,18.9,5266,5992,0.0
2026-05-27T15:21:18.909793+00:00,4.8,9.3,9007,71.6,889,0.03,0.5161,18.9,4324,4683,0.0
2026-05-27T15:21:28.911853+00:00,8.0,9.1,8890,86.0,889,0.05,0.8791,18.9,4264,4626,0.0
2026-05-27T15:21:38.913506+00:00,7.4,9.3,9017,83.3,801,0.03,0.7957,18.9,4328,4689,0.0
2026-05-27T15:21:48.915478+00:00,7.3,9.3,9017,82.85,628,0.05,0.7849,18.9,4328,4689,0.0
2026-05-27T15:21:58.917197+00:00,7.4,9.2,0,83.3,522,0.03,0.8043,18.9,0,0,0.0
2026-05-27T15:22:08.918896+00:00,7.8,9.3,2373,85.1,688,0.05,0.8387,18.9,1004,1369,0.0
2026-05-27T15:22:18.920481+00:00,7.5,9.3,132,83.75,511,0.03,0.8065,18.9,66,66,0.0
2026-05-27T15:22:28.922359+00:00,8.1,9.3,0,86.45,482,0.02,0.871,18.9,0,0,0.0
2026-05-27T15:22:38.924538+00:00,8.0,9.3,0,86.0,737,0.09,0.8602,18.9,0,0,0.0
2026-05-27T15:22:48.926152+00:00,7.1,9.3,0,81.95,3836,1.04,0.7634,18.9,0,0,0.0
2026-05-27T15:22:58.927801+00:00,2.2,9.3,0,59.9,455,0.04,0.2366,18.9,0,0,0.0
2026-05-27T15:23:08.929451+00:00,7.3,9.3,2373,82.85,540,0.03,0.7849,18.9,1004,1369,0.0
2026-05-27T15:23:18.931240+00:00,7.3,9.3,0,82.85,537,0.04,0.7849,18.9,0,0,0.0
2026-05-27T15:23:28.933035+00:00,7.5,9.3,0,83.75,519,0.04,0.8065,18.9,0,0,0.0
2026-05-27T15:23:38.934542+00:00,7.4,9.3,0,83.3,411,0.02,0.7957,18.9,0,0,0.0
2026-05-27T15:23:48.936169+00:00,7.3,9.3,0,82.85,420,0.04,0.7849,18.9,0,0,0.0
2026-05-27T15:23:58.937843+00:00,7.2,9.3,0,82.4,497,0.03,0.7742,18.9,0,0,0.0
2026-05-27T15:24:08.940006+00:00,7.2,9.2,2373,82.4,669,0.05,0.7826,18.9,1004,1369,0.0
2026-05-27T15:24:18.941970+00:00,7.8,9.3,0,85.1,491,0.03,0.8387,18.9,0,0,0.0
2026-05-27T15:24:28.943645+00:00,7.4,9.2,0,83.3,1800,0.32,0.8043,18.9,0,0,0.0
2026-05-27T15:24:38.945272+00:00,5.7,9.2,0,75.65,2817,0.8,0.6196,18.9,0,0,0.0
2026-05-27T15:24:48.947360+00:00,3.7,9.3,0,66.65,511,0.05,0.3978,18.9,0,0,0.0
2026-05-27T15:24:58.949444+00:00,7.5,9.2,208,83.75,531,0.03,0.8152,18.9,104,104,0.0
2026-05-27T15:25:08.951003+00:00,7.2,9.3,2373,82.4,406,0.03,0.7742,18.9,1004,1369,0.0
2026-05-27T15:25:18.952841+00:00,8.1,9.4,0,86.45,527,0.03,0.8617,18.9,0,0,0.0
2026-05-27T15:25:28.954694+00:00,8.8,9.2,0,89.6,296,0.03,0.9565,18.9,0,0,0.0
2026-05-27T15:25:38.956557+00:00,7.6,9.3,132,84.2,291,0.03,0.8172,18.9,66,66,0.0
2026-05-27T15:25:48.958768+00:00,7.7,9.3,0,84.65,705,0.04,0.828,18.9,0,0,0.0
2026-05-27T15:25:58.960756+00:00,7.1,9.3,0,81.95,485,0.03,0.7634,18.9,0,0,0.0
2026-05-27T15:26:08.962623+00:00,7.7,9.2,2373,84.65,694,0.05,0.837,18.9,1004,1369,0.0
2026-05-27T15:26:18.964109+00:00,7.3,9.3,0,82.85,2763,0.95,0.7849,18.9,0,0,0.0
2026-05-27T15:26:28.966018+00:00,2.6,9.4,0,61.7,1709,0.17,0.2766,18.9,0,0,0.0
2026-05-27T15:26:38.968103+00:00,6.5,9.4,132,79.25,707,0.03,0.6915,18.9,66,66,0.0
2026-05-27T15:26:48.969862+00:00,7.4,9.3,0,83.3,594,0.05,0.7957,18.9,0,0,0.0
2026-05-27T15:26:58.971748+00:00,7.3,9.4,0,82.85,589,0.04,0.7766,18.9,0,0,0.0
2026-05-27T15:27:08.973373+00:00,7.2,9.3,2373,82.4,600,0.03,0.7742,18.9,1004,1369,0.0
2026-05-27T15:27:18.975087+00:00,7.7,9.3,0,84.65,580,0.03,0.828,18.9,0,0,0.0
2026-05-27T15:27:28.976845+00:00,7.7,9.3,0,84.65,276,0.03,0.828,18.9,0,0,0.0
2026-05-27T15:27:38.978175+00:00,7.1,9.3,0,81.95,489,0.03,0.7634,18.9,0,0,0.0
2026-05-27T15:27:48.979889+00:00,7.2,9.3,0,82.4,532,0.03,0.7742,18.9,0,0,0.0
2026-05-27T15:27:58.981471+00:00,6.9,9.2,0,81.05,458,0.03,0.75,18.9,0,0,0.0
2026-05-27T15:28:08.983133+00:00,7.1,9.3,2373,81.95,4225,1.1,0.7634,18.9,1004,1369,0.0
2026-05-27T15:28:18.985159+00:00,2.0,9.3,0,59.0,534,0.03,0.2151,18.9,0,0,0.0
2026-05-27T15:28:28.986917+00:00,7.6,9.1,0,84.2,328,0.03,0.8352,18.9,0,0,0.0
2026-05-27T15:28:38.988568+00:00,7.0,9.3,0,81.5,560,0.03,0.7527,18.9,0,0,0.0
2026-05-27T15:28:48.990461+00:00,7.4,9.1,0,83.3,543,0.03,0.8132,18.9,0,0,0.0
2026-05-27T15:28:58.991921+00:00,7.3,9.1,0,82.85,570,0.04,0.8022,18.9,0,0,0.0
2026-05-27T15:29:08.993705+00:00,7.3,9.3,2373,82.85,569,0.03,0.7849,18.9,1004,1369,0.0
2026-05-27T15:29:18.995282+00:00,7.4,9.4,0,83.3,531,0.04,0.7872,18.9,0,0,0.0
2026-05-27T15:29:28.996861+00:00,6.9,9.3,0,81.05,376,0.03,0.7419,18.9,0,0,0.0
2026-05-27T15:29:38.998573+00:00,7.0,9.3,0,81.5,559,0.03,0.7527,18.9,0,0,0.0
2026-05-27T15:29:48.999949+00:00,7.2,9.3,0,82.4,961,0.11,0.7742,18.9,0,0,0.0
2026-05-27T15:29:59.001470+00:00,6.7,9.3,208,80.15,3660,1.0,0.7204,18.9,104,104,0.0
2026-05-27T15:30:09.003058+00:00,2.2,9.3,2373,59.9,607,0.03,0.2366,18.9,1004,1369,0.0
2026-05-27T15:30:19.004795+00:00,7.5,9.2,0,83.75,349,0.02,0.8152,18.9,0,0,0.0
2026-05-27T15:30:29.006667+00:00,7.5,9.2,0,83.75,539,0.04,0.8152,18.9,0,0,0.0
2026-05-27T15:30:39.008547+00:00,7.6,9.4,132,84.2,406,0.04,0.8085,18.9,66,66,0.0
2026-05-27T15:30:49.010283+00:00,7.9,9.3,0,85.55,515,0.04,0.8495,18.9,0,0,0.0
2026-05-27T15:30:59.012117+00:00,7.7,9.3,0,84.65,494,0.03,0.828,18.9,0,0,0.0
2026-05-27T15:31:09.013746+00:00,7.0,9.1,2373,81.5,490,0.03,0.7692,18.9,1004,1369,0.0
2026-05-27T15:31:19.015498+00:00,7.1,9.3,8885,81.95,590,0.04,0.7634,18.9,4262,4623,0.0
2026-05-27T15:31:29.017267+00:00,7.9,9.4,8885,85.55,727,0.04,0.8404,18.9,4262,4623,0.0
2026-05-27T15:31:39.018979+00:00,7.5,9.4,9017,83.75,2657,0.51,0.7979,18.9,4328,4689,0.0
2026-05-27T15:31:49.020581+00:00,4.9,9.4,8890,72.05,2428,0.63,0.5213,18.9,4264,4626,0.0
2026-05-27T15:31:59.022163+00:00,4.4,9.4,8885,69.8,648,0.05,0.4681,18.9,4262,4623,0.0
2026-05-27T15:32:09.024016+00:00,7.5,9.2,0,83.75,625,0.02,0.8152,18.9,0,0,0.0
2026-05-27T15:32:19.025864+00:00,7.6,9.1,0,84.2,564,0.05,0.8352,18.9,0,0,0.0
2026-05-27T15:32:29.027348+00:00,7.2,9.4,8365,82.4,741,0.03,0.766,18.9,3919,4446,0.0
2026-05-27T15:32:39.028781+00:00,7.1,9.4,0,81.95,578,0.03,0.7553,18.9,0,0,0.0
2026-05-27T15:32:49.030000+00:00,7.6,9.3,0,84.2,478,0.03,0.8172,18.9,0,0,0.0
2026-05-27T15:32:59.031275+00:00,7.5,9.3,340,83.75,546,0.03,0.8065,18.9,170,170,0.0
2026-05-27T15:33:09.032814+00:00,6.9,9.3,0,81.05,546,0.03,0.7419,18.9,0,0,0.0
2026-05-27T15:33:19.034552+00:00,7.6,9.3,0,84.2,657,0.04,0.8172,18.9,0,0,0.0
2026-05-27T15:33:29.036224+00:00,7.2,9.4,340,82.4,2645,0.82,0.766,18.9,170,170,0.0
2026-05-27T15:33:39.037840+00:00,3.4,9.4,0,65.3,2046,0.32,0.3617,18.9,0,0,0.0
2026-05-27T15:33:49.039678+00:00,5.5,9.4,0,74.75,596,0.03,0.5851,18.9,0,0,0.0
2026-05-27T15:33:59.041448+00:00,7.4,9.3,340,83.3,609,0.03,0.7957,18.9,170,170,0.0
2026-05-27T15:34:09.043045+00:00,7.4,9.2,8885,83.3,896,0.05,0.8043,18.9,4262,4623,0.0
2026-05-27T15:34:19.044780+00:00,7.6,9.4,8885,84.2,663,0.02,0.8085,18.9,4328,4557,0.0
2026-05-27T15:34:29.046166+00:00,7.1,9.2,132,81.95,513,0.03,0.7717,18.9,66,66,0.0
2026-05-27T15:34:39.047770+00:00,6.9,9.3,0,81.05,505,0.03,0.7419,18.9,0,0,0.0
2026-05-27T15:34:49.049605+00:00,7.1,9.3,0,81.95,431,0.04,0.7634,18.9,0,0,0.0
2026-05-27T15:34:59.051567+00:00,7.1,9.3,548,81.95,587,0.04,0.7634,18.9,274,274,0.0
2026-05-27T15:35:09.053175+00:00,7.5,9.3,0,83.75,538,0.03,0.8065,18.9,0,0,0.0
2026-05-27T15:35:19.054792+00:00,7.1,9.2,0,81.95,2950,0.92,0.7717,18.9,0,0,0.0
2026-05-27T15:35:29.056581+00:00,2.6,9.2,340,61.7,1882,0.19,0.2826,18.9,170,170,0.0
2026-05-27T15:35:39.058134+00:00,7.0,7.1,0,81.5,309,0.03,0.9859,18.9,0,0,0.0
2026-05-27T15:35:49.059678+00:00,6.9,7.2,0,81.05,590,0.02,0.9583,18.9,0,0,0.0
2026-05-27T15:35:59.061171+00:00,6.9,7.2,340,81.05,592,0.03,0.9583,18.9,170,170,0.0
2026-05-27T15:36:09.062752+00:00,6.8,7.0,0,80.6,727,0.05,0.9714,18.9,0,0,0.0
2026-05-27T15:36:19.064474+00:00,6.5,7.0,0,79.25,527,0.03,0.9286,18.9,0,0,0.0
2026-05-27T15:36:29.066183+00:00,6.5,7.1,0,79.25,525,0.03,0.9155,18.9,0,0,0.0
2026-05-27T15:36:39.068037+00:00,6.9,6.9,1878,81.05,509,0.04,1.0,18.9,547,1331,0.0
2026-05-27T15:36:49.069805+00:00,6.8,7.2,0,80.6,578,0.04,0.9444,18.9,0,0,0.0
2026-05-27T15:36:59.071581+00:00,6.3,7.1,340,78.35,569,0.03,0.8873,18.9,170,170,0.0
2026-05-27T15:37:09.073350+00:00,7.0,7.2,132,81.5,1939,0.29,0.9722,18.9,66,66,0.0
2026-05-27T15:37:19.074738+00:00,5.9,7.1,0,76.55,2998,0.82,0.831,18.9,0,0,0.0
2026-05-27T15:37:29.076759+00:00,2.4,7.2,0,60.8,553,0.03,0.3333,18.9,0,0,0.0
2026-05-27T15:37:39.078351+00:00,6.3,7.2,0,78.35,543,0.02,0.875,18.9,0,0,0.0
2026-05-27T15:37:49.079840+00:00,6.6,7.1,0,79.7,530,0.03,0.9296,18.9,0,0,0.0
2026-05-27T15:37:59.081627+00:00,6.6,7.2,0,79.7,525,0.03,0.9167,18.9,0,0,0.0
2026-05-27T15:38:09.083082+00:00,6.8,7.1,0,80.6,712,0.03,0.9577,18.9,0,0,0.0
2026-05-27T15:38:19.084629+00:00,7.0,7.1,0,81.5,506,0.03,0.9859,18.9,0,0,0.0
2026-05-27T15:38:29.086207+00:00,7.0,7.1,0,81.5,533,0.04,0.9859,18.9,0,0,0.0
2026-05-27T15:38:39.087980+00:00,6.5,7.1,0,79.25,585,0.03,0.9155,18.9,0,0,0.0
2026-05-27T15:38:49.089794+00:00,6.9,7.2,0,81.05,530,0.03,0.9583,18.9,0,0,0.0
2026-05-27T15:38:59.091526+00:00,6.7,7.2,0,80.15,436,0.03,0.9306,18.9,0,0,0.0
2026-05-27T15:39:09.093350+00:00,6.9,7.1,0,81.05,2300,0.42,0.9718,18.9,0,0,0.0
2026-05-27T15:39:19.095875+00:00,5.3,7.1,0,73.85,2450,0.71,0.7465,18.9,0,0,0.0
2026-05-27T15:39:29.097818+00:00,3.5,7.2,0,65.75,569,0.04,0.4861,18.9,0,0,0.0
2026-05-27T15:39:39.099271+00:00,6.6,7.3,0,79.7,508,0.03,0.9041,18.9,0,0,0.0
2026-05-27T15:39:49.100698+00:00,6.7,7.0,0,80.15,535,0.03,0.9571,18.9,0,0,0.0
2026-05-27T15:39:59.102408+00:00,6.5,7.1,0,79.25,375,0.03,0.9155,18.9,0,0,0.0
2026-05-27T15:40:09.103807+00:00,6.4,7.2,0,78.8,441,0.03,0.8889,18.9,0,0,0.0
2026-05-27T15:40:19.105685+00:00,6.7,7.1,0,80.15,541,0.04,0.9437,18.9,0,0,0.0
2026-05-27T15:40:29.107265+00:00,7.2,7.0,0,82.4,483,0.02,1.0286,18.9,0,0,0.0
2026-05-27T15:40:39.108920+00:00,6.7,7.0,0,80.15,564,0.03,0.9571,18.9,0,0,0.0
2026-05-27T15:40:49.110540+00:00,7.2,7.2,0,82.4,510,0.02,1.0,18.9,0,0,0.0
2026-05-27T15:40:59.112154+00:00,6.7,7.2,0,80.15,475,0.01,0.9306,18.9,0,0,0.0
2026-05-27T15:41:09.113777+00:00,6.7,7.2,0,80.15,2357,0.62,0.9306,18.9,0,0,0.0
2026-05-27T15:41:19.115645+00:00,4.4,7.1,0,69.8,2156,0.51,0.6197,18.9,0,0,0.0
2026-05-27T15:41:29.117543+00:00,4.4,7.2,208,69.8,555,0.04,0.6111,18.9,104,104,0.0
2026-05-27T15:41:39.119495+00:00,6.6,7.1,0,79.7,508,0.04,0.9296,18.9,0,0,0.0
2026-05-27T15:41:49.121267+00:00,7.0,7.2,0,81.5,536,0.02,0.9722,18.9,0,0,0.0
2026-05-27T15:41:59.122888+00:00,6.7,7.1,208,80.15,576,0.02,0.9437,18.9,104,104,0.0
2026-05-27T15:42:09.124549+00:00,6.3,7.1,0,78.35,718,0.04,0.8873,18.9,0,0,0.0
2026-05-27T15:42:19.126109+00:00,6.6,7.1,0,79.7,525,0.02,0.9296,18.9,0,0,0.0
2026-05-27T15:42:29.127752+00:00,6.3,7.0,0,78.35,527,0.03,0.9,18.9,0,0,0.0
2026-05-27T15:42:39.129650+00:00,6.9,7.2,0,81.05,499,0.04,0.9583,18.9,0,0,0.0
2026-05-27T15:42:49.131370+00:00,7.0,7.2,0,81.5,428,0.04,0.9722,18.9,0,0,0.0
2026-05-27T15:42:59.132951+00:00,6.5,7.2,0,79.25,531,0.03,0.9028,18.9,0,0,0.0
2026-05-27T15:43:09.134734+00:00,6.5,7.2,0,79.25,2179,0.59,0.9028,18.9,0,0,0.0
2026-05-27T15:43:19.136611+00:00,4.4,7.2,0,69.8,2251,0.53,0.6111,18.9,0,0,0.0
2026-05-27T15:43:29.138094+00:00,4.1,7.0,0,68.45,541,0.03,0.5857,18.9,0,0,0.0
2026-05-27T15:43:39.139766+00:00,6.9,7.0,0,81.05,534,0.04,0.9857,18.9,0,0,0.0
2026-05-27T15:43:49.141767+00:00,6.8,7.2,0,80.6,504,0.04,0.9444,18.9,0,0,0.0
2026-05-27T15:43:59.143752+00:00,6.7,7.2,0,80.15,609,0.04,0.9306,18.9,0,0,0.0
2026-05-27T15:44:09.145841+00:00,7.0,7.2,1435,81.5,670,0.04,0.9722,18.9,535,900,0.0
2026-05-27T15:44:19.147557+00:00,6.9,7.1,0,81.05,533,0.04,0.9718,18.9,0,0,0.0
2026-05-27T15:44:29.149510+00:00,6.3,7.2,0,78.35,516,0.04,0.875,18.9,0,0,0.0
2026-05-27T15:44:39.151126+00:00,7.1,7.2,132,81.95,587,0.02,0.9861,18.9,66,66,0.0
2026-05-27T15:44:49.152614+00:00,7.2,7.1,0,82.4,527,0.03,1.0141,18.9,0,0,0.0
2026-05-27T15:44:59.154267+00:00,6.8,7.2,0,80.6,543,0.04,0.9444,18.9,0,0,0.0
2026-05-27T15:45:09.155641+00:00,6.6,7.1,1435,79.7,3295,0.91,0.9296,18.9,535,900,0.0
2026-05-27T15:45:19.157135+00:00,2.7,7.2,0,62.15,2119,0.21,0.375,18.9,0,0,0.0
2026-05-27T15:45:29.158866+00:00,5.6,7.0,0,75.2,624,0.04,0.8,18.9,0,0,0.0
2026-05-27T15:45:39.160668+00:00,6.7,7.2,0,80.15,563,0.03,0.9306,18.9,0,0,0.0
2026-05-27T15:45:49.162613+00:00,6.7,7.1,0,80.15,536,0.03,0.9437,18.9,0,0,0.0
2026-05-27T15:45:59.164390+00:00,6.5,7.1,0,79.25,585,0.02,0.9155,18.9,0,0,0.0
2026-05-27T15:46:09.166427+00:00,7.0,7.2,1435,81.5,668,0.05,0.9722,18.9,535,900,0.0
2026-05-27T15:46:19.167941+00:00,7.0,7.0,0,81.5,517,0.03,1.0,18.9,0,0,0.0
2026-05-27T15:46:29.169647+00:00,6.8,7.1,0,80.6,581,0.04,0.9577,18.9,0,0,0.0
2026-05-27T15:46:39.171472+00:00,6.4,7.2,132,78.8,525,0.02,0.8889,18.9,66,66,0.0
2026-05-27T15:46:49.173044+00:00,7.3,7.1,0,82.85,525,0.03,1.0282,18.9,0,0,0.0
2026-05-27T15:46:59.174526+00:00,6.7,7.1,0,80.15,794,0.07,0.9437,18.9,0,0,0.0
2026-05-27T15:47:09.175893+00:00,6.4,7.0,1435,78.8,3872,0.94,0.9143,18.9,535,900,0.0
2026-05-27T15:47:19.177174+00:00,2.5,7.0,0,61.25,1880,0.13,0.3571,18.9,0,0,0.0
2026-05-27T15:47:29.178935+00:00,6.2,7.1,0,77.9,618,0.03,0.8732,18.9,0,0,0.0
2026-05-27T15:47:39.180269+00:00,6.7,7.2,0,80.15,607,0.02,0.9306,18.9,0,0,0.0
2026-05-27T15:47:49.182185+00:00,6.7,7.0,0,80.15,522,0.03,0.9571,18.9,0,0,0.0
2026-05-27T15:47:59.184004+00:00,6.4,7.0,0,78.8,582,0.04,0.9143,18.9,0,0,0.0
2026-05-27T15:48:09.185700+00:00,7.0,7.0,1435,81.5,695,0.04,1.0,18.9,535,900,0.0
2026-05-27T15:48:19.187265+00:00,7.3,7.2,0,82.85,556,0.03,1.0139,18.9,0,0,0.0
2026-05-27T15:48:29.188911+00:00,7.1,7.1,0,81.95,493,0.04,1.0,18.9,0,0,0.0
2026-05-27T15:48:39.190517+00:00,6.9,7.1,340,81.05,571,0.03,0.9718,18.9,170,170,0.0
2026-05-27T15:48:49.191983+00:00,6.7,7.1,0,80.15,523,0.02,0.9437,18.9,0,0,0.0
2026-05-27T15:48:59.193450+00:00,6.4,7.2,0,78.8,1877,0.24,0.8889,18.9,0,0,0.0
2026-05-27T15:49:09.195136+00:00,6.1,7.3,1435,77.45,2982,0.86,0.8356,18.9,535,900,0.0
2026-05-27T15:49:19.196721+00:00,2.7,7.0,0,62.15,531,0.03,0.3857,18.9,0,0,0.0
2026-05-27T15:49:29.198584+00:00,6.8,7.3,0,80.6,563,0.04,0.9315,18.9,0,0,0.0
2026-05-27T15:49:39.200257+00:00,6.5,7.2,132,79.25,518,0.03,0.9028,18.9,66,66,0.0
2026-05-27T15:49:49.201824+00:00,7.1,7.2,0,81.95,534,0.03,0.9861,18.9,0,0,0.0
2026-05-27T15:49:59.203490+00:00,6.3,7.0,0,78.35,591,0.03,0.9,18.9,0,0,0.0
2026-05-27T15:50:09.204849+00:00,6.8,7.2,1435,80.6,602,0.03,0.9444,18.9,535,900,0.0
2026-05-27T15:50:19.206713+00:00,6.9,7.0,0,81.05,530,0.04,0.9857,18.9,0,0,0.0
2026-05-27T15:50:29.208207+00:00,6.7,7.2,0,80.15,502,0.03,0.9306,18.9,0,0,0.0
2026-05-27T15:50:39.209967+00:00,6.5,7.0,340,79.25,561,0.02,0.9286,18.9,170,170,0.0
2026-05-27T15:50:49.211595+00:00,6.6,7.1,0,79.7,579,0.03,0.9296,18.9,0,0,0.0
2026-05-27T15:50:59.213505+00:00,6.9,7.2,0,81.05,2123,0.43,0.9583,18.9,0,0,0.0
2026-05-27T15:51:09.215067+00:00,5.3,7.2,1435,73.85,2482,0.71,0.7361,18.9,535,900,0.0
2026-05-27T15:51:19.216770+00:00,3.5,7.2,0,65.75,514,0.03,0.4861,18.9,0,0,0.0
2026-05-27T15:51:29.218393+00:00,6.7,7.1,0,80.15,583,0.04,0.9437,18.9,0,0,0.0
2026-05-27T15:51:39.220338+00:00,6.3,7.2,132,78.35,413,0.03,0.875,18.9,66,66,0.0
2026-05-27T15:51:49.221956+00:00,6.4,7.0,0,78.8,512,0.03,0.9143,18.9,0,0,0.0
2026-05-27T15:51:59.223720+00:00,6.5,7.1,0,79.25,490,0.03,0.9155,18.9,0,0,0.0
2026-05-27T15:52:09.225459+00:00,7.1,7.2,1435,81.95,643,0.05,0.9861,18.9,535,900,0.0
2026-05-27T15:52:19.226985+00:00,7.0,7.2,0,81.5,506,0.04,0.9722,18.9,0,0,0.0
2026-05-27T15:52:29.228777+00:00,6.8,7.0,0,80.6,536,0.04,0.9714,18.9,0,0,0.0
2026-05-27T15:52:39.230079+00:00,6.4,7.2,0,78.8,520,0.03,0.8889,18.9,0,0,0.0
2026-05-27T15:52:49.231655+00:00,6.8,7.1,0,80.6,543,0.03,0.9577,18.9,0,0,0.0
2026-05-27T15:52:59.233279+00:00,6.2,7.2,0,77.9,2228,0.51,0.8611,18.9,0,0,0.0
2026-05-27T15:53:09.234903+00:00,4.7,7.1,1435,71.15,2108,0.61,0.662,18.9,535,900,0.0
2026-05-27T15:53:19.236406+00:00,3.7,7.2,0,66.65,516,0.02,0.5139,18.9,0,0,0.0
2026-05-27T15:53:29.237890+00:00,6.5,7.2,0,79.25,511,0.03,0.9028,18.9,0,0,0.0
2026-05-27T15:53:39.239640+00:00,6.8,7.2,340,80.6,535,0.02,0.9444,18.9,170,170,0.0
2026-05-27T15:53:49.241108+00:00,6.9,7.2,0,81.05,530,0.03,0.9583,18.9,0,0,0.0
2026-05-27T15:53:59.242556+00:00,6.8,7.2,0,80.6,509,0.03,0.9444,18.9,0,0,0.0
2026-05-27T15:54:09.244544+00:00,6.8,7.1,1435,80.6,647,0.05,0.9577,18.9,535,900,0.0
2026-05-27T15:54:19.246049+00:00,6.5,7.2,0,79.25,278,0.02,0.9028,18.9,0,0,0.0
2026-05-27T15:54:29.247917+00:00,6.9,7.1,0,81.05,569,0.03,0.9718,18.9,0,0,0.0
2026-05-27T15:54:39.249536+00:00,6.5,7.1,340,79.25,499,0.02,0.9155,18.9,170,170,0.0
2026-05-27T15:54:49.250798+00:00,6.7,7.1,0,80.15,249,0.02,0.9437,18.9,0,0,0.0
2026-05-27T15:54:59.252396+00:00,6.5,7.1,0,79.25,2301,0.6,0.9155,18.9,0,0,0.0
2026-05-27T15:55:09.254202+00:00,4.4,7.1,1435,69.8,2284,0.52,0.6197,18.9,535,900,0.0
2026-05-27T15:55:19.255899+00:00,4.5,7.0,0,70.25,441,0.03,0.6429,18.9,0,0,0.0
2026-05-27T15:55:29.257482+00:00,6.8,7.0,0,80.6,546,0.01,0.9714,18.9,0,0,0.0
2026-05-27T15:55:39.259262+00:00,6.9,6.9,340,81.05,510,0.02,1.0,18.9,170,170,0.0
